{"_step":7,"_wandb":{"runtime":0},"acc":0.7292864109096905,"loss":0.26444624545286205,"_timestamp":1.728374494922252e+09,"_runtime":0.37903}