{"_wandb":{"runtime":0},"acc":0.8073405140447508,"loss":0.2570812500185071,"_timestamp":1.728385200000801e+09,"_runtime":0.479584,"_step":7}