{"acc":0.7934216762423224,"loss":0.24226460989158508,"_timestamp":1.728374575696084e+09,"_runtime":0.406549,"_step":7,"_wandb":{"runtime":0}}