{"acc":0.8618298402947961,"loss":0.13969204146534178,"_timestamp":1.728374835213567e+09,"_runtime":0.390659,"_step":7,"_wandb":{"runtime":0}}