{"_wandb":{"runtime":0},"acc":0.7930950041771794,"loss":0.16777995252306174,"_timestamp":1.728374465167588e+09,"_runtime":0.526542,"_step":7}